,Manufacturer,Weight
0,Audi,3405.434232035907
1,Pontiac,2531.537908009936
2,Chevrolet,3194.442107662538
3,Mazda,2896.25180686128
4,Volkswagen,2241.2419541369813
