,Manufacturer,Weight
0,Audi,3410.4188403992957
1,Pontiac,2568.101714675435
2,Chevrolet,3185.6422920403315
3,Mazda,2910.152721026686
4,Volkswagen,2251.946345386727
